2016/1/31,東京,未勝利,1,未勝利・牝,ダ,1400,5, ストライクショット,1,170,１,87.28,1,75.0,1
2016/1/31,東京,未勝利,2,未勝利,ダ,2100,11, ダイリュウハヤテ,2,360,１,137.35,4,60.8,5
2016/1/31,東京,新馬,3,新馬,ダ,1600,13, サクラエンパイア,4,350,１,102.33,4,53.2,5
2016/1/31,東京,新馬,3,新馬,ダ,1600,16, ゴールデンブレイヴ,2,330,１,101.48,1,49.4,9
2016/1/31,東京,未勝利,4,未勝利,芝,1600,4, ピックミータッチ,2,290,１,94.93,2,82.0,2
2016/1/31,東京,新馬,5,新馬,芝,1800,6, オアーゾ,9,2530,１,112.01,11,40.8,9
2016/1/31,東京,500万,6,500万下,ダ,2100,11, エルズミーア,1,200,１,134.75,1,76.5,1
2016/1/31,東京,500万,7,500万下,ダ,1600,7, アバオアクー,3,520,１,99.41,3,68.3,2
2016/1/31,東京,1000万,8,1000万下,ダ,1400,14, トーセンマイティ,1,360,１,85.52,1,58.6,4
2016/1/31,東京,500万,9,セントポ500*,芝,1800,4, サトノキングダム,1,280,１,109.71,8,61.0,2
2016/1/31,東京,1600万,10,節分ＳＨ1600,芝,1600,5, マジックタイム,1,450,１,94.14,5,66.3,3
2016/1/31,東京,Ｇ３,11,根岸ＳG3,ダ,1400,15,$モーニン,1,220,１,84.27,5,68.1,2
2016/1/31,東京,1000万,12,1000万下,芝,1800,1, マルターズアポジー,1,360,１,108.12,2,60.4,4
2016/1/31,中京,未勝利,1,未勝利,ダ,1800,11, スズカミラージュ,2,370,１,116.57,2,74.5,1
2016/1/31,中京,未勝利,2,未勝利,ダ,1400,4, キクノレジェ,1,190,１,87.19,1,75.3,1
2016/1/31,中京,500万,3,500万下・牝,ダ,1800,5, メイショウクローバ,1,370,１,115.43,1,62.8,3
2016/1/31,中京,未勝利,4,障害未勝利,芝,3000,11, クリノダイコクテン,4,490,１,200.42,2,,
2016/1/31,中京,未勝利,5,障害未勝利,芝,3000,4, スカイパッション,5,2470,１,203.90,7,,
2016/1/31,中京,500万,6,500万下,ダ,1200,11, タマモイレブン,1,340,１,73.17,7,68.0,2
2016/1/31,中京,未勝利,7,未勝利,芝,2000,15, ミヤビエンブレム,1,310,１,125.03,4,76.3,2
2016/1/31,中京,500万,8,500万下・若,ダ,1800,13, シングンパワー,1,380,１,115.59,6,71.1,2
2016/1/31,中京,500万,9,500万下,芝,1400,5, ケイリンボス,3,730,１,82.53,2,66.7,3
2016/1/31,中京,500万,10,ごぎょう500*,ダ,1200,12, メイショウカネサダ,1,210,１,73.03,2,77.8,1
2016/1/31,中京,1000万,11,中京スポ1000,芝,1600,10, アルテ,6,980,１,95.64,2,62.7,4
2016/1/31,中京,500万,12,熱田特別500,芝,2000,12, パワーウーマン,4,940,１,125.83,12,31.1,9
2016/1/31,京都,未勝利,1,未勝利・牝,ダ,1800,4, トゥールエッフェル,10,6460,１,117.74,13,46.5,8
2016/1/31,京都,未勝利,2,未勝利,ダ,1200,16, サフランハート,1,370,１,74.07,3,61.2,4
2016/1/31,京都,未勝利,3,未勝利,ダ,1800,6,$エイシンニトロ,1,300,１,115.97,7,61.1,3
2016/1/31,京都,新馬,4,新馬,ダ,1400,10, ヒーローメーカー,1,270,１,88.27,4,49.2,8
2016/1/31,京都,未勝利,5,未勝利,芝,2000,10, クロークス,3,520,１,122.89,4,72.9,4
2016/1/31,京都,500万,6,500万下*,ダ,1800,6, コクスイセン,6,2660,１,116.44,8,29.4,8
2016/1/31,京都,500万,7,500万下*,芝,1400,6, メイショウシャチ,8,3350,１,82.09,9,54.7,6
2016/1/31,京都,500万,8,500万下,ダ,1400,11, パセンジャーシップ,3,670,１,86.67,9,46.0,8
2016/1/31,京都,1000万,9,大津特別1000,ダ,1800,1, テイエムジンソク,3,720,１,113.66,10,52.7,5
2016/1/31,京都,1600万,10,松籟ＳＨ1600,芝,2400,2, モンドインテロ,1,200,１,146.61,3,77.0,1
2016/1/31,京都,Ｇ３,11,シルクロＨG3,芝,1200,1, ダンスディレクター,2,440,１,67.91,1,78.3,3
2016/1/31,京都,1000万,12,1000万下,芝,1400,8, ベステンダンク,1,170,１,81.16,1,87.4,1
2016/1/31,東京,未勝利,1,未勝利・牝,ダ,1400,6, ホウオウマリリン,6,,２,88.40,4,62.2,5
2016/1/31,東京,未勝利,2,未勝利,ダ,2100,7, ケイツートール,15,,２,139.10,15,40.6,12
2016/1/31,東京,未勝利,4,未勝利,芝,1600,6, テオドール,1,,２,94.67,1,82.5,1
2016/1/31,東京,新馬,5,新馬,芝,1800,2, スカイムーヴァー,7,,２,111.31,4,57.3,5
2016/1/31,東京,500万,6,500万下,ダ,2100,1, キネオフォルツァ,2,,２,136.40,8,66.1,3
2016/1/31,東京,500万,7,500万下,ダ,1600,1, ベルウッドケルン,7,,２,100.64,12,49.7,9
2016/1/31,東京,1000万,8,1000万下,ダ,1400,8, クワドループル,6,,２,86.49,14,50.6,7
2016/1/31,東京,500万,9,セントポ500*,芝,1800,2, メイショウタチマチ,2,,２,109.04,3,54.4,4
2016/1/31,東京,1600万,10,節分ＳＨ1600,芝,1600,3, チェリーヒロイン,10,,２,94.46,8,33.0,12
2016/1/31,東京,Ｇ３,11,根岸ＳG3,ダ,1400,8,$タールタン,6,,２,84.33,6,59.5,3
2016/1/31,東京,1000万,12,1000万下,芝,1800,10, マイネルシュバリエ,8,,２,108.21,5,51.4,7
2016/1/31,中京,未勝利,1,未勝利,ダ,1800,6, モンストルコント,5,,２,117.83,5,56.8,6
2016/1/31,中京,未勝利,2,未勝利,ダ,1400,15,$アメリカンイナズマ,2,,２,87.53,2,69.5,2
2016/1/31,中京,500万,3,500万下・牝,ダ,1800,6, パパラヴズマンボ,3,,２,115.59,3,65.4,2
2016/1/31,中京,未勝利,4,障害未勝利,芝,3000,10, ヴィクトリースター,2,,２,201.20,4,,
2016/1/31,中京,未勝利,5,障害未勝利,芝,3000,7,*ホーカーテンペスト,2,,２,202.10,3,,
2016/1/31,中京,500万,6,500万下,ダ,1200,1, メイショウアバラガ,2,,２,72.86,1,71.3,1
2016/1/31,中京,未勝利,7,未勝利,芝,2000,4, ホットファイヤー,3,,２,124.07,2,73.7,4
2016/1/31,中京,500万,8,500万下・若,ダ,1800,4, エッジクリフ,4,,２,115.94,11,58.5,4
2016/1/31,中京,500万,9,500万下,芝,1400,3, ティアップブロンド,12,,２,83.63,13,30.2,15
2016/1/31,中京,500万,10,ごぎょう500*,ダ,1200,14, シゲルサケガシラ,5,,２,73.16,5,73.1,3
2016/1/31,中京,1000万,11,中京スポ1000,芝,1600,7, レーヴデトワール,3,,２,96.63,11,46.4,8
2016/1/31,中京,500万,12,熱田特別500,芝,2000,10, ビオラフォーエバー,3,,２,123.79,4,74.9,3
2016/1/31,京都,未勝利,1,未勝利・牝,ダ,1800,11, エクロジオン,8,,２,116.09,5,57.6,5
2016/1/31,京都,未勝利,2,未勝利,ダ,1200,1, クリノクロンボー,6,,２,74.09,5,50.5,10
2016/1/31,京都,未勝利,3,未勝利,ダ,1800,5, メイショウドスコイ,8,,２,116.16,11,57.6,6
2016/1/31,京都,新馬,4,新馬,ダ,1400,3, チカリータ,2,,２,88.03,3,56.9,2
2016/1/31,京都,未勝利,5,未勝利,芝,2000,5, ゼンノタヂカラオ,1,,２,122.31,1,87.2,1
2016/1/31,京都,500万,6,500万下*,ダ,1800,4, イーストオブザサン,8,,２,114.95,2,44.1,6
2016/1/31,京都,500万,7,500万下*,芝,1400,12, フォールインラブ,5,,２,81.74,2,56.4,5
2016/1/31,京都,500万,8,500万下,ダ,1400,2,$カフジオリオン,1,,２,86.32,5,55.1,6
2016/1/31,京都,1000万,9,大津特別1000,ダ,1800,13, オルナ,7,,２,112.99,5,57.5,4
2016/1/31,京都,1600万,10,松籟ＳＨ1600,芝,2400,1, ペンタトニック,2,,２,145.99,1,71.5,3
2016/1/31,京都,Ｇ３,11,シルクロＨG3,芝,1200,8, ローレルベローチェ,5,,２,68.34,11,43.9,11
2016/1/31,京都,1000万,12,1000万下,芝,1400,12, カピオラニパレス,4,,２,81.69,2,55.6,6
2016/1/31,東京,未勝利,1,未勝利・牝,ダ,1400,7, カグラグレイス,4,,３,88.90,6,47.4,10
2016/1/31,東京,未勝利,2,未勝利,ダ,2100,1, ノーブルワルツ,11,,３,137.64,5,34.9,14
2016/1/31,東京,新馬,3,新馬,ダ,1600,15, チェストケゴールド,6,,３,103.45,11,49.4,9
2016/1/31,東京,未勝利,4,未勝利,芝,1600,5, ヒロインボーイ,10,,３,96.31,11,51.5,8
2016/1/31,東京,新馬,5,新馬,芝,1800,4, ヨシノザクラ,4,,３,111.63,8,39.8,11
2016/1/31,東京,500万,6,500万下,ダ,2100,9, メイスンキャプテン,7,,３,136.15,5,71.0,2
2016/1/31,東京,500万,7,500万下,ダ,1600,10, デジタルフラッシュ,1,,３,99.05,1,80.0,1
2016/1/31,東京,1000万,8,1000万下,ダ,1400,4, マッチレスヒーロー,2,,３,85.55,2,68.6,1
2016/1/31,東京,500万,9,セントポ500*,芝,1800,5, ジュンヴァルカン,4,,３,109.61,6,42.7,9
2016/1/31,東京,1600万,10,節分ＳＨ1600,芝,1600,1, ロジチャリス,5,,３,94.41,6,48.4,9
2016/1/31,東京,Ｇ３,11,根岸ＳG3,ダ,1400,2, グレープブランデー,10,,３,84.35,7,47.7,10
2016/1/31,東京,1000万,12,1000万下,芝,1800,5, マイネルネーベル,6,,３,107.84,1,60.0,5
2016/1/31,中京,未勝利,1,未勝利,ダ,1800,12, タガノバトラ,4,,３,118.10,8,63.0,4
2016/1/31,中京,未勝利,2,未勝利,ダ,1400,16,$エイシンビジョン,4,,３,88.10,5,49.5,9
2016/1/31,中京,500万,3,500万下・牝,ダ,1800,7, ベーリングメファ,2,,３,116.56,8,68.0,1
2016/1/31,中京,未勝利,4,障害未勝利,芝,3000,13, マコトサダイジン,3,,３,199.84,1,,
2016/1/31,中京,未勝利,5,障害未勝利,芝,3000,1, メイショウオヤシオ,1,,３,199.11,1,,
2016/1/31,中京,500万,6,500万下,ダ,1200,4, ウエスタンニンジャ,13,,３,73.09,5,51.0,9
2016/1/31,中京,未勝利,7,未勝利,芝,2000,3, ネイチャーレット,6,,３,126.00,12,45.6,10
2016/1/31,中京,500万,8,500万下・若,ダ,1800,6, ロードプレステージ,2,,３,115.51,3,53.3,6
2016/1/31,中京,500万,9,500万下,芝,1400,8, ウォーターラボ,4,,３,82.80,5,50.9,9
2016/1/31,中京,500万,10,ごぎょう500*,ダ,1200,4, スノードリーム,6,,３,73.07,3,53.4,7
2016/1/31,中京,1000万,11,中京スポ1000,芝,1600,6, ハドソンヤード,4,,３,96.10,4,64.2,3
2016/1/31,中京,500万,12,熱田特別500,芝,2000,2, コートオブアームズ,8,,３,123.32,3,58.6,4
2016/1/31,京都,未勝利,1,未勝利・牝,ダ,1800,9, フレグラントブレス,1,,３,114.74,1,75.5,1
2016/1/31,京都,未勝利,2,未勝利,ダ,1200,15, バトルハルトマン,2,,３,74.08,4,46.4,11
2016/1/31,京都,未勝利,3,未勝利,ダ,1800,4, ジュメイラリーフ,5,,３,115.56,4,48.8,10
2016/1/31,京都,新馬,4,新馬,ダ,1400,5, ショウサングランド,6,,３,88.84,9,41.7,16
2016/1/31,京都,未勝利,5,未勝利,芝,2000,11, ニホンピロカーン,7,,３,123.16,5,58.8,6
2016/1/31,京都,500万,6,500万下*,ダ,1800,8, スーパーライナー,1,,３,113.56,1,78.0,1
2016/1/31,京都,500万,7,500万下*,芝,1400,9, ソルヴェイグ,1,,３,81.85,5,76.2,2
2016/1/31,京都,500万,8,500万下,ダ,1400,1,$メンカウラー,5,,３,85.97,2,68.2,3
2016/1/31,京都,1000万,9,大津特別1000,ダ,1800,11, オールブラッシュ,5,,３,112.65,4,43.2,10
2016/1/31,京都,1600万,10,松籟ＳＨ1600,芝,2400,4, ウインアルザス,3,,３,146.66,4,75.3,2
2016/1/31,京都,Ｇ３,11,シルクロＨG3,芝,1200,7, ワキノブレイブ,11,,３,68.33,10,47.5,9
2016/1/31,京都,1000万,12,1000万下,芝,1400,1, ウイングパラダイス,11,,３,82.67,11,54.4,7
2016/1/31,東京,未勝利,1,未勝利・牝,ダ,1400,1, アッキー,9,,４,89.34,9,60.0,6
2016/1/31,東京,未勝利,2,未勝利,ダ,2100,5, シゲルシマダイ,3,,４,137.70,7,67.7,3
2016/1/31,東京,新馬,3,新馬,ダ,1600,14, エビスリアン,1,,４,102.29,3,54.2,4
2016/1/31,東京,未勝利,4,未勝利,芝,1600,16, ゴールドエフォート,5,,４,96.27,9,63.9,5
2016/1/31,東京,新馬,5,新馬,芝,1800,1, デルマオシマ,10,,４,111.89,9,36.9,14
2016/1/31,東京,500万,6,500万下,ダ,2100,5, デバイスドライバー,4,,４,136.19,6,46.5,7
2016/1/31,東京,500万,7,500万下,ダ,1600,12, リムショット,15,,４,99.89,5,47.9,10
2016/1/31,東京,1000万,8,1000万下,ダ,1400,11, スールキートス,7,,４,85.98,6,66.8,2
2016/1/31,東京,500万,9,セントポ500*,芝,1800,6, ラグルーラ,3,,４,108.86,1,50.7,5
2016/1/31,東京,1600万,10,節分ＳＨ1600,芝,1600,2, マイネルメリエンダ,4,,４,93.92,3,60.6,6
2016/1/31,東京,Ｇ３,11,根岸ＳG3,ダ,1400,9, タガノトネール,2,,４,84.24,4,59.5,3
2016/1/31,東京,1000万,12,1000万下,芝,1800,4, エニグマバリエート,4,,４,108.13,3,69.4,2
2016/1/31,中京,未勝利,1,未勝利,ダ,1800,10, キクノシュペール,3,,４,116.55,1,72.5,2
2016/1/31,中京,未勝利,2,未勝利,ダ,1400,1, ドンボラーレ,7,,４,88.63,7,55.7,6
2016/1/31,中京,500万,3,500万下・牝,ダ,1800,2, ハギノセゾン,7,,４,116.03,6,43.7,7
2016/1/31,中京,未勝利,4,障害未勝利,芝,3000,5, クラウンフレイム,9,,４,206.07,14,,
2016/1/31,中京,未勝利,5,障害未勝利,芝,3000,12, モリトブイコール,10,,４,203.75,6,,
2016/1/31,中京,500万,6,500万下,ダ,1200,10, ウエスタンユーノー,6,,４,73.69,12,46.6,10
2016/1/31,中京,未勝利,7,未勝利,芝,2000,9, ヨカグラ,2,,４,123.71,1,82.3,1
2016/1/31,中京,500万,8,500万下・若,ダ,1800,5, レッドアライヴ,3,,４,115.14,1,75.9,1
2016/1/31,中京,500万,9,500万下,芝,1400,9, テンテマリ,11,,４,83.94,16,44.9,12
2016/1/31,中京,500万,10,ごぎょう500*,ダ,1200,7, ワンダーリーデル,3,,４,73.08,4,68.1,4
2016/1/31,中京,1000万,11,中京スポ1000,芝,1600,5, メイクアップ,1,,４,95.57,1,80.9,1
2016/1/31,中京,500万,12,熱田特別500,芝,2000,8, チャップリン,5,,４,124.25,5,55.6,5
2016/1/31,京都,未勝利,1,未勝利・牝,ダ,1800,2, ゴールデンティアラ,14,,４,117.81,15,40.3,13
2016/1/31,京都,未勝利,2,未勝利,ダ,1200,4, ヒデサンエース,11,,４,74.50,12,40.2,13
2016/1/31,京都,未勝利,3,未勝利,ダ,1800,8, スノードルフィン,4,,４,114.78,2,70.1,2
2016/1/31,京都,新馬,4,新馬,ダ,1400,14, ニホンピロヘーゼル,7,,４,89.44,15,47.9,10
2016/1/31,京都,未勝利,5,未勝利,芝,2000,8, ナムラムサシ,4,,４,122.85,3,78.2,2
2016/1/31,京都,500万,6,500万下*,ダ,1800,7, クリノリトミシュル,7,,４,115.63,4,40.7,7
2016/1/31,京都,500万,7,500万下*,芝,1400,13,$ルグランフリソン,2,,４,81.70,1,64.5,3
2016/1/31,京都,500万,8,500万下,ダ,1400,3, シュネール,4,,４,86.20,4,69.6,2
2016/1/31,京都,1000万,9,大津特別1000,ダ,1800,3, アドマイヤランディ,4,,４,112.48,3,59.6,3
2016/1/31,京都,1600万,10,松籟ＳＨ1600,芝,2400,9, ラブラバード,5,,４,147.19,7,64.3,4
2016/1/31,京都,Ｇ３,11,シルクロＨG3,芝,1200,6, セカンドテーブル,10,,４,68.22,9,23.3,14
2016/1/31,京都,1000万,12,1000万下,芝,1400,4, アグネスハビット,3,,４,82.15,5,47.4,8
2016/1/31,東京,未勝利,1,未勝利・牝,ダ,1400,9, チビノヴァルタン,7,,５,89.07,7,58.4,7
2016/1/31,東京,未勝利,2,未勝利,ダ,2100,10, ノンシュガー,6,,５,136.72,2,68.8,2
2016/1/31,東京,新馬,3,新馬,ダ,1600,5, サングラスポテト,5,,５,102.65,6,45.5,13
2016/1/31,東京,新馬,3,新馬,ダ,1600,10, ボーントゥレイン,14,,５,102.50,5,55.2,2
2016/1/31,東京,未勝利,4,未勝利,芝,1600,3, ヘラルドスクエア,6,,５,95.16,5,55.3,6
2016/1/31,東京,新馬,5,新馬,芝,1800,8, オールドクラシック,8,,５,111.54,7,77.0,2
2016/1/31,東京,500万,6,500万下,ダ,2100,7, レッドカノーヴァ,6,,５,136.21,7,48.7,6
2016/1/31,東京,500万,7,500万下,ダ,1600,14,$ティズトレメンダス,8,,５,101.05,15,58.8,4
2016/1/31,東京,1000万,8,1000万下,ダ,1400,9, イーデンホール,5,,５,86.20,10,47.3,11
2016/1/31,東京,500万,9,セントポ500*,芝,1800,9, ネイビーブルー,8,,５,109.73,9,50.3,6
2016/1/31,東京,1600万,10,節分ＳＨ1600,芝,1600,12, アンジェリック,9,,５,94.42,7,63.2,4
2016/1/31,東京,Ｇ３,11,根岸ＳG3,ダ,1400,6, アンズチャン,3,,５,84.19,3,53.0,8
2016/1/31,東京,1000万,12,1000万下,芝,1800,6, ウイングチップ,5,,５,108.23,6,66.9,3
2016/1/31,中京,未勝利,1,未勝利,ダ,1800,7, イーグルバイオ,9,,５,119.04,13,38.2,13
2016/1/31,中京,未勝利,2,未勝利,ダ,1400,2,$ラトナプラ,9,,５,88.83,12,51.2,8
2016/1/31,中京,500万,3,500万下・牝,ダ,1800,8, トウシンハンター,5,,５,116.66,9,45.3,6
2016/1/31,中京,未勝利,4,障害未勝利,芝,3000,9, エルインペレイター,1,,５,200.88,3,,
2016/1/31,中京,未勝利,5,障害未勝利,芝,3000,13, セイクリッドロード,3,,５,201.55,2,,
2016/1/31,中京,500万,6,500万下,ダ,1200,12, ワキノハガクレ,8,,５,72.90,2,67.0,3
2016/1/31,中京,未勝利,7,未勝利,芝,2000,12, コスモシャンティ,7,,５,125.51,6,43.7,11
2016/1/31,中京,500万,8,500万下・若,ダ,1800,14, チャンスメイク,11,,５,115.97,12,57.0,5
2016/1/31,中京,500万,9,500万下,芝,1400,12, コスモヨハネ,6,,５,83.44,11,47.9,11
2016/1/31,中京,500万,10,ごぎょう500*,ダ,1200,10, ダイアモンドノーム,14,,５,73.73,10,37.2,10
2016/1/31,中京,1000万,11,中京スポ1000,芝,1600,2, マイティースコール,12,,５,96.48,8, 9.4,12
2016/1/31,中京,500万,12,熱田特別500,芝,2000,11, スマートルピナス,6,,５,124.30,6,50.7,7
2016/1/31,京都,未勝利,1,未勝利・牝,ダ,1800,6, アークマイニング,3,,５,116.59,7,55.7,6
2016/1/31,京都,未勝利,2,未勝利,ダ,1200,3, ベストワークス,4,,５,74.15,6,64.0,3
2016/1/31,京都,未勝利,3,未勝利,ダ,1800,10, ミスターウインディ,14,,５,116.74,12,43.4,12
2016/1/31,京都,新馬,4,新馬,ダ,1400,11, ナリタマカニ,12,,５,89.71,16,47.3,13
2016/1/31,京都,未勝利,5,未勝利,芝,2000,4, ナムラルパン,2,,５,122.82,2,74.3,3
2016/1/31,京都,500万,6,500万下*,ダ,1800,2, エキドナ,3,,５,115.68,5,49.4,4
2016/1/31,京都,500万,7,500万下*,芝,1400,3, ナイトオブナイツ,4,,５,81.83,4,60.5,4
2016/1/31,京都,500万,8,500万下,ダ,1400,6, ペプチドアルマ,2,,５,85.45,1,73.3,1
2016/1/31,京都,1000万,9,大津特別1000,ダ,1800,8, ヒデノインペリアル,1,,５,112.00,1,77.3,1
2016/1/31,京都,1600万,10,松籟ＳＨ1600,芝,2400,3, アドマイヤケルソ,4,,５,146.33,2,48.0,5
2016/1/31,京都,Ｇ３,11,シルクロＨG3,芝,1200,16, ビッグアーサー,1,,５,68.04,5,88.8,1
2016/1/31,京都,1000万,12,1000万下,芝,1400,5, ネオヴィクトリア,8,,５,82.09,3,36.2,11
2016/1/31,東京,未勝利,1,未勝利・牝,ダ,1400,12, スプリングガール,3,,６,87.79,2,69.3,2
2016/1/31,東京,未勝利,2,未勝利,ダ,2100,4, クリスタルスカル,10,,６,138.14,11,52.6,7
2016/1/31,東京,未勝利,4,未勝利,芝,1600,11,*ダノンアイリス,3,,６,95.01,4,69.5,4
2016/1/31,東京,新馬,5,新馬,芝,1800,5, レッドアルカナ,1,,６,111.08,1,65.3,3
2016/1/31,東京,500万,6,500万下,ダ,2100,4, インパルション,10,,６,135.40,2,49.5,5
2016/1/31,東京,500万,7,500万下,ダ,1600,8, ジェイケイライアン,10,,６,100.58,11,35.8,13
2016/1/31,東京,1000万,8,1000万下,ダ,1400,1, ラミアカーサ,9,,６,86.28,11,48.8,10
2016/1/31,東京,500万,9,セントポ500*,芝,1800,1, プレイヤーサムソン,5,,６,109.25,4,73.4,1
2016/1/31,東京,1600万,10,節分ＳＨ1600,芝,1600,7, キングカラカウア,2,,６,93.83,2,62.3,5
2016/1/31,東京,Ｇ３,11,根岸ＳG3,ダ,1400,11, プロトコル,5,,６,84.48,10,57.8,5
2016/1/31,東京,1000万,12,1000万下,芝,1800,2, ベストドリーム,2,,６,108.43,7,56.4,6
2016/1/31,中京,未勝利,1,未勝利,ダ,1800,13, ゴールデンゲート,1,,６,117.18,3,63.7,3
2016/1/31,中京,未勝利,2,未勝利,ダ,1400,9, ニシノラディアント,3,,６,88.80,11,56.6,5
2016/1/31,中京,500万,3,500万下・牝,ダ,1800,1, スモーキーナイト,6,,６,116.01,5,39.3,8
2016/1/31,中京,未勝利,4,障害未勝利,芝,3000,3, シゲルハリマ,5,,６,201.23,5,,
2016/1/31,中京,未勝利,5,障害未勝利,芝,3000,8, アルテミシア,7,,６,204.08,8,,
2016/1/31,中京,500万,6,500万下,ダ,1200,14, アイファーサラオー,4,,６,73.03,3,65.0,5
2016/1/31,中京,未勝利,7,未勝利,芝,2000,18, トモジャハリーフ,13,,６,126.86,18,32.3,14
2016/1/31,中京,500万,8,500万下・若,ダ,1800,12, ディグニファイド,5,,６,115.78,9,45.6,9
2016/1/31,中京,500万,9,500万下,芝,1400,16, ダブルコーク,1,,６,82.81,6,82.3,1
2016/1/31,中京,500万,10,ごぎょう500*,ダ,1200,5, シゲルクロマグロ,10,,６,74.06,13,23.1,14
2016/1/31,中京,1000万,11,中京スポ1000,芝,1600,11, サンセットスカイ,11,,６,96.50,9,35.6,10
2016/1/31,中京,500万,12,熱田特別500,芝,2000,7, ケルンダッシュ,1,,６,122.96,1,85.7,1
2016/1/31,京都,未勝利,1,未勝利・牝,ダ,1800,14, ウエスタンビジュー,9,,６,116.98,9,43.5,12
2016/1/31,京都,未勝利,2,未勝利,ダ,1200,7, メイショウダイウン,9,,６,74.61,14,36.9,14
2016/1/31,京都,未勝利,3,未勝利,ダ,1800,16, エフハリスト,6,,６,115.99,8,54.1,7
2016/1/31,京都,新馬,4,新馬,ダ,1400,9, ハシカミ,16,,６,88.91,11,47.5,11
2016/1/31,京都,未勝利,5,未勝利,芝,2000,7, マリネリス,10,,６,123.36,7,46.3,9
2016/1/31,京都,500万,6,500万下*,ダ,1800,5, メイショウマスラオ,2,,６,115.38,3,59.5,2
2016/1/31,京都,500万,7,500万下*,芝,1400,7, エイシンキロオル,11,,６,82.01,7,47.7,9
2016/1/31,京都,500万,8,500万下,ダ,1400,4, ダンカン,9,,６,86.50,7,52.7,7
2016/1/31,京都,1000万,9,大津特別1000,ダ,1800,7,*シュミット,9,,６,113.29,6,46.8,8
2016/1/31,京都,1600万,10,松籟ＳＨ1600,芝,2400,7, トウカイオーロラ,8,,６,147.13,6,16.7,8
2016/1/31,京都,Ｇ３,11,シルクロＨG3,芝,1200,5, サトノルパン,4,,６,68.06,7,75.6,4
2016/1/31,京都,1000万,12,1000万下,芝,1400,13,$イッテツ,2,,６,82.37,8,68.7,2
2016/1/31,東京,未勝利,1,未勝利・牝,ダ,1400,3, ピントゥリッキオ,5,,７,87.92,3,67.9,3
2016/1/31,東京,未勝利,2,未勝利,ダ,2100,6, ヴィットリオ,1,,７,137.75,8,51.8,8
2016/1/31,東京,新馬,3,新馬,ダ,1600,4, ブレスアロット,10,,７,102.73,7,55.2,2
2016/1/31,東京,未勝利,4,未勝利,芝,1600,1, コスモロングソード,8,,７,95.96,8,55.1,7
2016/1/31,東京,新馬,5,新馬,芝,1800,3, マイハーベスト,12,,７,112.51,15,39.2,13
2016/1/31,東京,500万,6,500万下,ダ,2100,2, ヘイローフォンテン,3,,７,136.06,4,64.1,4
2016/1/31,東京,500万,7,500万下,ダ,1600,16,$サウンドジャンゴ,14,,７,100.93,14,34.8,14
2016/1/31,東京,1000万,8,1000万下,ダ,1400,2, ワイルドダラー,10,,７,85.63,3,64.6,3
2016/1/31,東京,500万,9,セントポ500*,芝,1800,7, ツーエムレジェンド,9,,７,109.89,10,46.8,7
2016/1/31,東京,1600万,10,節分ＳＨ1600,芝,1600,8, メドウヒルズ,12,,７,95.37,14,13.9,13
2016/1/31,東京,Ｇ３,11,根岸ＳG3,ダ,1400,16, レーザーバレット,8,,７,85.03,13,45.2,11
2016/1/31,東京,1000万,12,1000万下,芝,1800,9, ディアデルレイ,3,,７,108.17,4,71.4,1
2016/1/31,中京,未勝利,1,未勝利,ダ,1800,15, シルバーゲイル,10,,７,118.79,11,49.2,9
2016/1/31,中京,未勝利,2,未勝利,ダ,1400,7, ダッシュビーム,11,,７,87.63,3,62.1,4
2016/1/31,中京,500万,3,500万下・牝,ダ,1800,4, バードオンアスク,4,,７,115.74,4,52.2,4
2016/1/31,中京,未勝利,4,障害未勝利,芝,3000,7, マイネルクレイズ,6,,７,202.14,6,,
2016/1/31,中京,未勝利,5,障害未勝利,芝,3000,10, サクラアドニス,4,,７,202.82,4,,
2016/1/31,中京,500万,6,500万下,ダ,1200,16, ワンダーヴィーヴァ,5,,７,73.16,6,61.6,6
2016/1/31,中京,未勝利,7,未勝利,芝,2000,1, ワンスインアライフ,4,,７,124.98,3,74.9,3
2016/1/31,中京,500万,8,500万下・若,ダ,1800,7, キザシ,12,,７,116.07,13,33.6,13
2016/1/31,中京,500万,9,500万下,芝,1400,1, タイキパラドックス,15,,７,84.77,18,18.8,17
2016/1/31,中京,500万,10,ごぎょう500*,ダ,1200,13, タマモシルクハット,12,,７,73.43,8,44.4,9
2016/1/31,中京,1000万,11,中京スポ1000,芝,1600,8, インストアイベント,5,,７,96.29,7,49.1,7
2016/1/31,中京,500万,12,熱田特別500,芝,2000,5, サクラビクトワール,9,,７,125.00,9,29.6,10
2016/1/31,京都,未勝利,1,未勝利・牝,ダ,1800,1, ヌンダーウ,11,,７,117.75,14,35.1,15
2016/1/31,京都,未勝利,2,未勝利,ダ,1200,10, フィールドシャルム,3,,７,73.96,1,73.7,1
2016/1/31,京都,未勝利,3,未勝利,ダ,1800,3, リリーシューター,9,,７,115.64,5,46.4,11
2016/1/31,京都,新馬,4,新馬,ダ,1400,8, ピカデリー,3,,７,88.41,6,54.4,4
2016/1/31,京都,未勝利,5,未勝利,芝,2000,15, マイネルチャンプ,5,,７,123.37,8,60.9,5
2016/1/31,京都,500万,6,500万下*,ダ,1800,3, オンザロックス,5,,７,115.70,6,50.6,3
2016/1/31,京都,500万,7,500万下*,芝,1400,4, ゼンノトライブ,10,,７,82.10,10,44.6,11
2016/1/31,京都,500万,8,500万下,ダ,1400,9, ウエスタンラムール,8,,７,86.42,6,61.4,4
2016/1/31,京都,1000万,9,大津特別1000,ダ,1800,9, スズカルパン,10,,７,113.42,7,43.5,9
2016/1/31,京都,1600万,10,松籟ＳＨ1600,芝,2400,5, キンショータイム,9,,７,148.20,9,13.1,9
2016/1/31,京都,Ｇ３,11,シルクロＨG3,芝,1200,9, ヒルノデイバロー,7,,７,68.74,15,51.6,6
2016/1/31,京都,1000万,12,1000万下,芝,1400,7, ブレイクアウト,10,,７,82.25,7,44.6,9
2016/1/31,東京,未勝利,1,未勝利・牝,ダ,1400,15, キョウエイラヴ,2,,８,88.59,5,65.0,4
2016/1/31,東京,未勝利,2,未勝利,ダ,2100,13, ソーアメージング,4,,８,136.69,1,72.4,1
2016/1/31,東京,新馬,3,新馬,ダ,1600,9, クールマジョリック,13,,８,103.38,10,58.3,1
2016/1/31,東京,未勝利,4,未勝利,芝,1600,14, コスモレティクルム,4,,８,94.94,3,82.0,2
2016/1/31,東京,新馬,5,新馬,芝,1800,11, バルトルディ,3,,８,111.44,6,61.7,4
2016/1/31,東京,500万,6,500万下,ダ,2100,3, モシモシ,8,,８,137.06,9,40.0,9
2016/1/31,東京,500万,7,500万下,ダ,1600,13, スターチェイサー,11,,８,100.91,13,37.4,12
2016/1/31,東京,1000万,8,1000万下,ダ,1400,13, アキノアッパー,4,,８,86.73,16,32.6,15
2016/1/31,東京,500万,9,セントポ500*,芝,1800,10, マコトルーメン,7,,８,109.45,5,46.2,8
2016/1/31,東京,1600万,10,節分ＳＨ1600,芝,1600,10, ラッフォルツァート,13,,８,94.48,9,36.5,11
2016/1/31,東京,Ｇ３,11,根岸ＳG3,ダ,1400,4, マルカフリート,9,,８,83.93,1,80.1,1
2016/1/31,東京,1000万,12,1000万下,芝,1800,7, スズカヴァンガード,7,,８,109.10,9,30.0,8
2016/1/31,中京,未勝利,1,未勝利,ダ,1800,1, タイセイパートナー,11,,８,117.67,4,48.0,10
2016/1/31,中京,未勝利,2,未勝利,ダ,1400,8, シゲルサンマ,12,,８,88.79,10,45.4,10
2016/1/31,中京,500万,3,500万下・牝,ダ,1800,9, サンレイフローラ,8,,８,115.50,2,49.2,5
2016/1/31,中京,未勝利,4,障害未勝利,芝,3000,6, シゲルウシュウ,8,,８,202.29,7,,
2016/1/31,中京,未勝利,5,障害未勝利,芝,3000,6, クラウンロベルト,11,,８,205.21,10,,
2016/1/31,中京,500万,6,500万下,ダ,1200,6, アスターペニー,16,,８,74.16,14,35.1,13
2016/1/31,中京,未勝利,7,未勝利,芝,2000,13, クラウンドリーム,17,,８,125.93,10,38.9,13
2016/1/31,中京,500万,8,500万下・若,ダ,1800,2, シルバーソード,10,,８,115.66,8,42.5,10
2016/1/31,中京,500万,9,500万下,芝,1400,13, ルアンジュ,5,,８,82.54,3,60.3,7
2016/1/31,中京,500万,10,ごぎょう500*,ダ,1200,3,$アポロテキサス,2,,８,72.91,1,74.7,2
2016/1/31,中京,1000万,11,中京スポ1000,芝,1600,4, オンタケハート,2,,８,95.85,3,69.4,2
2016/1/31,中京,500万,12,熱田特別500,芝,2000,3, ラウレアブルーム,2,,８,123.10,2,76.3,2
2016/1/31,京都,未勝利,1,未勝利・牝,ダ,1800,12, エアショウ,5,,８,115.75,3,50.4,7
2016/1/31,京都,未勝利,2,未勝利,ダ,1200,2, カネトシボヌール,5,,８,74.35,8,66.7,2
2016/1/31,京都,未勝利,3,未勝利,ダ,1800,13, コークスクリュー,11,,８,115.96,6,59.9,4
2016/1/31,京都,新馬,4,新馬,ダ,1400,13, メイショウトヅガワ,8,,８,88.81,7,44.1,15
2016/1/31,京都,未勝利,5,未勝利,芝,2000,3, カントリーロード,9,,８,124.80,16,20.2,16
2016/1/31,京都,500万,6,500万下*,ダ,1800,1, コパノディール,4,,８,116.09,7,47.9,5
2016/1/31,京都,500万,7,500万下*,芝,1400,8,$サバンナロード,6,,８,82.63,12,54.4,7
2016/1/31,京都,500万,8,500万下,ダ,1400,8, エミネントレコード,6,,８,85.98,3,61.4,4
2016/1/31,京都,1000万,9,大津特別1000,ダ,1800,5, エルフショット,13,,８,114.08,12,29.4,13
2016/1/31,京都,1600万,10,松籟ＳＨ1600,芝,2400,6, ダノンマックイン,6,,８,146.91,5,44.3,6
2016/1/31,京都,Ｇ３,11,シルクロＨG3,芝,1200,4, ヤマニンプチガトー,12,,８,68.52,13,35.1,13
2016/1/31,京都,1000万,12,1000万下,芝,1400,14, ヤマニンマンドール,5,,８,82.10,4,65.8,3
2016/1/31,東京,未勝利,1,未勝利・牝,ダ,1400,11, レアファインド,11,,９,89.13,8,46.2,11
2016/1/31,東京,未勝利,2,未勝利,ダ,2100,16, ウインフラクタル,13,,９,138.84,13,43.1,11
2016/1/31,東京,新馬,3,新馬,ダ,1600,3, ヴィーナスロード,15,,９,104.48,16,44.7,14
2016/1/31,東京,未勝利,4,未勝利,芝,1600,2, サンデリアーナ,14,,９,95.88,6,36.2,11
2016/1/31,東京,新馬,5,新馬,芝,1800,16, セイザン,14,,９,112.59,16,30.0,15
2016/1/31,東京,500万,6,500万下,ダ,2100,10, ペイシャゴンジセ,5,,９,136.02,3,43.4,8
2016/1/31,東京,500万,7,500万下,ダ,1600,3, ウサギノカケアシ,9,,９,99.74,4,51.8,8
2016/1/31,東京,1000万,8,1000万下,ダ,1400,10, レッドジョーカー,11,,９,86.14,8,34.8,14
2016/1/31,東京,500万,9,セントポ500*,芝,1800,3, カミノライデン,11,,９,109.95,11,25.8,11
2016/1/31,東京,1600万,10,節分ＳＨ1600,芝,1600,6, ピオネロ,7,,９,94.91,12,54.4,8
2016/1/31,東京,Ｇ３,11,根岸ＳG3,ダ,1400,10, アドマイヤサガス,12,,９,84.36,8,55.2,6
2016/1/31,東京,1000万,12,1000万下,芝,1800,8, マイネルシュライ,9,,９,109.16,10,22.4,9
2016/1/31,中京,未勝利,1,未勝利,ダ,1800,3, ヒッサツ,14,,９,119.29,15,38.3,12
2016/1/31,中京,未勝利,2,未勝利,ダ,1400,13, マイネルゴール,5,,９,87.69,4,66.6,3
2016/1/31,中京,500万,3,500万下・牝,ダ,1800,3, ノーブルガイア,9,,９,116.39,7,23.6,9
2016/1/31,中京,未勝利,4,障害未勝利,芝,3000,4, カワキタバルク,13,,９,205.23,11,,
2016/1/31,中京,未勝利,5,障害未勝利,芝,3000,3, ワンパクチョウサン,8,,９,206.05,11,,
2016/1/31,中京,500万,6,500万下,ダ,1200,7, スリーエスペラント,12,,９,73.28,8,39.5,12
2016/1/31,中京,未勝利,7,未勝利,芝,2000,2, クレッシェレ,9,,９,125.72,8,61.4,6
2016/1/31,中京,500万,8,500万下・若,ダ,1800,3, ヤマカツライデン,6,,９,115.61,7,67.0,3
2016/1/31,中京,500万,9,500万下,芝,1400,10, サトノネネ,2,,９,82.68,4,68.3,2
2016/1/31,中京,500万,10,ごぎょう500*,ダ,1200,9, シンゼンスタチュー,4,,９,73.37,7,55.9,6
2016/1/31,中京,1000万,11,中京スポ1000,芝,1600,9, シュヴァリエ,9,,９,96.67,12,41.5,9
2016/1/31,中京,500万,12,熱田特別500,芝,2000,1, アースミッション,10,,９,125.02,10,16.2,12
2016/1/31,京都,未勝利,1,未勝利・牝,ダ,1800,3, ドゥラセア,13,,９,117.18,11,43.9,11
2016/1/31,京都,未勝利,2,未勝利,ダ,1200,5, ツイセキシャ,12,,９,74.37,9,50.8,9
2016/1/31,京都,未勝利,3,未勝利,ダ,1800,2, リョーシンヒナタ,16,,９,118.09,15,34.4,14
2016/1/31,京都,新馬,4,新馬,ダ,1400,2, メイショウバラード,11,,９,88.82,8,49.3,7
2016/1/31,京都,未勝利,5,未勝利,芝,2000,2, オーミパドドゥ,11,,９,123.59,10,49.7,8
2016/1/31,京都,500万,7,500万下*,芝,1400,5, ウインオスカー,7,,９,82.08,8,51.0,8
2016/1/31,京都,500万,7,500万下*,芝,1400,11, スナークスカイ,12,,９,81.75,3,44.8,10
2016/1/31,京都,500万,8,500万下,ダ,1400,12, サカジロビューティ,13,,９,86.96,11,36.2,10
2016/1/31,京都,1000万,9,大津特別1000,ダ,1800,4, タイセイクルーズ,11,,９,113.51,9,51.7,7
2016/1/31,京都,1600万,10,松籟ＳＨ1600,芝,2400,8, マイネルアイザック,7,,９,147.41,8,39.4,7
2016/1/31,京都,Ｇ３,11,シルクロＨG3,芝,1200,15, ネロ,3,,９,68.02,3,62.5,5
2016/1/31,京都,1000万,12,1000万下,芝,1400,11, ノーブルコロネット,6,,９,82.21,6,56.6,5
2016/1/31,東京,未勝利,1,未勝利・牝,ダ,1400,2, シンデレラストリー,12,,10,89.70,11,50.0,8
2016/1/31,東京,未勝利,2,未勝利,ダ,2100,9, ニシノライト,12,,10,137.66,6,36.0,13
2016/1/31,東京,新馬,3,新馬,ダ,1600,12, ウィスパー,12,,10,103.57,13,48.3,11
2016/1/31,東京,未勝利,4,未勝利,芝,1600,10, フレンチフューゴ,7,,10,96.28,10,42.4,10
2016/1/31,東京,新馬,5,新馬,芝,1800,14, レッドフレンジー,6,,10,111.34,5,56.4,7
2016/1/31,東京,500万,6,500万下,ダ,2100,6, ウインセイヴィア,9,,10,137.52,10,26.0,10
2016/1/31,東京,500万,7,500万下,ダ,1600,2,$ベイビータピット,4,,10,100.18,7,55.6,6
2016/1/31,東京,1000万,8,1000万下,ダ,1400,16, サンライズウェイ,13,,10,85.96,5,55.3,6
2016/1/31,東京,500万,9,セントポ500*,芝,1800,8, スマートスペクター,6,,10,109.68,7,57.4,3
2016/1/31,東京,1600万,10,節分ＳＨ1600,芝,1600,4,$メラグラーナ,8,,10,94.73,11,56.2,7
2016/1/31,東京,Ｇ３,11,根岸ＳG3,ダ,1400,1, レッドファルクス,7,,10,84.74,12,39.4,13
2016/1/31,東京,1000万,12,1000万下,芝,1800,3, スワンボート,10,,10,108.88,8,11.1,10
2016/1/31,中京,未勝利,1,未勝利,ダ,1800,4, アイアンアヴァロン,8,,10,118.85,12,49.9,8
2016/1/31,中京,未勝利,2,未勝利,ダ,1400,3, ベルウッドタマド,13,,10,89.63,16,43.0,11
2016/1/31,中京,未勝利,4,障害未勝利,芝,3000,1, ヤマニンアリエッタ,7,,10,203.52,9,,
2016/1/31,中京,未勝利,5,障害未勝利,芝,3000,9, エンパイアライン,6,,10,203.25,5,,
2016/1/31,中京,500万,6,500万下,ダ,1200,15, ツクバジャパン,10,,10,73.51,10,57.9,7
2016/1/31,中京,未勝利,7,未勝利,芝,2000,5, ラオコーン,15,,10,126.07,13,29.3,17
2016/1/31,中京,500万,8,500万下・若,ダ,1800,10, シュバリエブラン,8,,10,115.58,5,50.2,7
2016/1/31,中京,500万,9,500万下,芝,1400,7, サウンドドゥイット,10,,10,82.44,1,65.9,5
2016/1/31,中京,500万,10,ごぎょう500*,ダ,1200,11, オフクヒメ,9,,10,73.56,9,50.5,8
2016/1/31,中京,1000万,11,中京スポ1000,芝,1600,3, タガノエンブレム,8,,10,96.20,5,49.5,6
2016/1/31,中京,500万,12,熱田特別500,芝,2000,4, マンディスキュア,11,,10,124.31,7,28.2,11
2016/1/31,京都,未勝利,1,未勝利・牝,ダ,1800,8, アナザヘヴン,6,,10,116.07,4,67.7,3
2016/1/31,京都,未勝利,2,未勝利,ダ,1200,6, シゲルシマカツオ,10,,10,74.62,15,50.9,8
2016/1/31,京都,未勝利,3,未勝利,ダ,1800,7, トウショウコマンチ,2,,10,115.52,3,52.1,8
2016/1/31,京都,新馬,4,新馬,ダ,1400,7, ダイシンザーゲ,10,,10,89.06,13,55.6,3
2016/1/31,京都,未勝利,5,未勝利,芝,2000,13, ネフェルテム,13,,10,123.94,11,36.3,11
2016/1/31,京都,500万,8,500万下,ダ,1400,5, サウザンドエース,10,,10,86.81,10,36.0,11
2016/1/31,京都,1000万,9,大津特別1000,ダ,1800,6, メモリーシャルマン,8,,10,113.68,11,39.6,11
2016/1/31,京都,Ｇ３,11,シルクロＨG3,芝,1200,3,$リトルゲルダ,9,,10,68.05,6,49.6,7
2016/1/31,京都,1000万,12,1000万下,芝,1400,2, アドマイヤビジン,7,,10,82.68,12,63.7,4
2016/1/31,東京,未勝利,1,未勝利・牝,ダ,1400,8, リフリジェレーター,10,,11,89.45,10,37.4,12
2016/1/31,東京,未勝利,2,未勝利,ダ,2100,15, タイセイアスリート,9,,11,139.09,14,45.5,10
2016/1/31,東京,新馬,3,新馬,ダ,1600,2, ファミリーソング,8,,11,102.79,8,42.2,16
2016/1/31,東京,未勝利,4,未勝利,芝,1600,15, ジェネレーション,15,,11,97.11,15,28.3,14
2016/1/31,東京,新馬,5,新馬,芝,1800,10, ハーモニーウェイブ,15,,11,112.30,14,40.4,10
2016/1/31,東京,500万,6,500万下,ダ,2100,8, カンタベリーヒメ,11,,11,139.07,11,17.5,11
2016/1/31,東京,500万,7,500万下,ダ,1600,4, エンドレストライ,13,,11,100.29,10,47.6,11
2016/1/31,東京,1000万,8,1000万下,ダ,1400,5, ペリーホワイト,16,,11,86.36,12,41.5,12
2016/1/31,東京,500万,9,セントポ500*,芝,1800,11, スクエアフォールド,10,,11,108.94,2,40.5,10
2016/1/31,東京,1600万,10,節分ＳＨ1600,芝,1600,14,$レッドルーファス,11,,11,94.52,10,38.7,10
2016/1/31,東京,Ｇ３,11,根岸ＳG3,ダ,1400,5, キョウエイアシュラ,15,,11,84.49,11,43.9,12
2016/1/31,中京,未勝利,1,未勝利,ダ,1800,5, ブロンテ,12,,11,117.89,7,51.7,7
2016/1/31,中京,未勝利,2,未勝利,ダ,1400,12, グラスウォリアー,10,,11,88.66,8,54.3,7
2016/1/31,中京,未勝利,4,障害未勝利,芝,3000,2, インスタントリー,10,,11,202.96,8,,
2016/1/31,中京,未勝利,5,障害未勝利,芝,3000,5, ペルフェクトゥス,9,,11,208.30,13,,
2016/1/31,中京,500万,6,500万下,ダ,1200,3, ザショットアロー,7,,11,73.66,11,65.6,4
2016/1/31,中京,未勝利,7,未勝利,芝,2000,11, ホロスコープ,8,,11,125.66,7,49.0,9
2016/1/31,中京,500万,8,500万下・若,ダ,1800,9, ミスティーフリップ,7,,11,115.86,10,42.2,11
2016/1/31,中京,500万,9,500万下,芝,1400,6, ジンセイハオマツリ,14,,11,82.96,7,59.6,8
2016/1/31,中京,500万,10,ごぎょう500*,ダ,1200,8, ラブゴーギャン,7,,11,73.19,6,59.3,5
2016/1/31,中京,1000万,11,中京スポ1000,芝,1600,1,$サウンドデューク,7,,11,96.54,10,59.9,5
2016/1/31,中京,500万,12,熱田特別500,芝,2000,6, ベルメール,7,,11,124.35,8,52.1,6
2016/1/31,京都,未勝利,1,未勝利・牝,ダ,1800,13, リベリーターン,15,,11,117.00,10,44.4,10
2016/1/31,京都,未勝利,2,未勝利,ダ,1200,12, シゲルシロアマダイ,15,,11,74.58,13,33.0,15
2016/1/31,京都,未勝利,3,未勝利,ダ,1800,9, エイム,10,,11,116.09,9,58.4,5
2016/1/31,京都,新馬,4,新馬,ダ,1400,1, ストレッチ,13,,11,88.90,10,44.8,14
2016/1/31,京都,未勝利,5,未勝利,芝,2000,6, レーヴドラージュ,6,,11,124.26,14,32.5,12
2016/1/31,京都,500万,7,500万下*,芝,1400,14, エクスペクトパレス,13,,11,83.95,13,14.9,14
2016/1/31,京都,500万,8,500万下,ダ,1400,13, ダンシング,12,,11,87.03,12,27.7,12
2016/1/31,京都,1000万,9,大津特別1000,ダ,1800,2, ティーエスクライ,6,,11,113.49,8,52.3,6
2016/1/31,京都,Ｇ３,11,シルクロＨG3,芝,1200,11, アースソニック,6,,11,68.01,2,81.2,2
2016/1/31,京都,1000万,12,1000万下,芝,1400,9, ラスカルトップ,14,,11,82.59,10,22.7,14
2016/1/31,東京,未勝利,1,未勝利・牝,ダ,1400,4, ビュウイモン,8,,12,89.82,12,49.2,9
2016/1/31,東京,未勝利,2,未勝利,ダ,2100,2, ディーゼルパワー,8,,12,137.20,3,61.4,4
2016/1/31,東京,新馬,3,新馬,ダ,1600,7, ハミルトンパーク,7,,12,103.05,9,50.1,8
2016/1/31,東京,未勝利,4,未勝利,芝,1600,8, モリガンドール,16,,12,96.47,12,33.0,12
2016/1/31,東京,新馬,5,新馬,芝,1800,15, ナガラスマイル,13,,12,112.23,12,39.5,12
2016/1/31,東京,500万,7,500万下,ダ,1600,5, コスモカウピリ,12,,12,100.22,9,32.7,15
2016/1/31,東京,1000万,8,1000万下,ダ,1400,3, オメガスパーキング,12,,12,85.68,4,56.4,5
2016/1/31,東京,1600万,10,節分ＳＨ1600,芝,1600,9, ゴットフリート,6,,12,93.71,1,82.8,1
2016/1/31,東京,Ｇ３,11,根岸ＳG3,ダ,1400,3, アドマイヤロイヤル,13,,12,83.98,2,47.8,9
2016/1/31,中京,未勝利,1,未勝利,ダ,1800,14, コスモアントリア,7,,12,117.84,6,57.9,5
2016/1/31,中京,未勝利,2,未勝利,ダ,1400,6, ショーオレク,8,,12,89.39,14,28.3,16
2016/1/31,中京,未勝利,4,障害未勝利,芝,3000,8, ルミナスギャラン,11,,12,205.47,12,,
2016/1/31,中京,未勝利,5,障害未勝利,芝,3000,14, シゲルワッショイ,13,,12,211.12,14,,
2016/1/31,中京,500万,6,500万下,ダ,1200,8, ゴマスリオトコ,9,,12,73.33,9,40.6,11
2016/1/31,中京,未勝利,7,未勝利,芝,2000,8, ブルハ,12,,12,126.12,15,39.8,12
2016/1/31,中京,500万,8,500万下・若,ダ,1800,8, デルマカマイタチ,13,,12,116.38,14,18.3,14
2016/1/31,中京,500万,9,500万下,芝,1400,2, アサクサリーダー,17,,12,83.59,12,27.9,16
2016/1/31,中京,500万,10,ごぎょう500*,ダ,1200,2, クリノシャンボール,8,,12,73.98,11,25.8,12
2016/1/31,中京,1000万,11,中京スポ1000,芝,1600,12, ニホンピロディール,10,,12,96.24,6,30.9,11
2016/1/31,中京,500万,12,熱田特別500,芝,2000,9,$シウダニーニャ,12,,12,125.57,11,40.3,8
2016/1/31,京都,未勝利,1,未勝利・牝,ダ,1800,5, ゼットガガ,7,,12,116.96,8,45.1,9
2016/1/31,京都,未勝利,2,未勝利,ダ,1200,14, メイショウヨイチ,13,,12,74.48,10,51.6,7
2016/1/31,京都,未勝利,3,未勝利,ダ,1800,11, ストンライティング,12,,12,117.36,13,38.0,13
2016/1/31,京都,新馬,4,新馬,ダ,1400,15, ソリッドボート,4,,12,87.93,2,47.5,11
2016/1/31,京都,未勝利,5,未勝利,芝,2000,12, ウインイストワール,12,,12,124.25,13,30.4,13
2016/1/31,京都,500万,7,500万下*,芝,1400,10, マイネルラック,3,,12,81.88,6,82.7,1
2016/1/31,京都,500万,8,500万下,ダ,1400,7, タイキクロスビー,11,,12,87.26,13,18.9,13
2016/1/31,京都,1000万,9,大津特別1000,ダ,1800,12, マッシヴヒーロー,12,,12,114.11,13,33.9,12
2016/1/31,京都,Ｇ３,11,シルクロＨG3,芝,1200,2, メイショウツガル,16,,12,68.40,12,11.3,16
2016/1/31,京都,1000万,12,1000万下,芝,1400,3, メイショウゲンブ,13,,12,82.38,9,34.0,12
2016/1/31,東京,未勝利,1,未勝利・牝,ダ,1400,16, キタノシャーロット,15,,13,89.86,13,30.6,14
2016/1/31,東京,未勝利,2,未勝利,ダ,2100,8, ジェムクオリティ,7,,13,137.84,10,47.9,9
2016/1/31,東京,新馬,3,新馬,ダ,1600,6, フジコハルビヨリ,11,,13,104.37,15,46.1,12
2016/1/31,東京,未勝利,4,未勝利,芝,1600,7, サイレントムーン,11,,13,95.89,7,30.5,13
2016/1/31,東京,新馬,5,新馬,芝,1800,7, ケイツールナ,16,,13,111.91,10,22.3,16
2016/1/31,東京,500万,7,500万下,ダ,1600,11, キーフォーサクセス,5,,13,99.40,2,54.6,7
2016/1/31,東京,1000万,8,1000万下,ダ,1400,15, タイセイラビッシュ,8,,13,86.50,15,50.4,8
2016/1/31,東京,1600万,10,節分ＳＨ1600,芝,1600,11, ジャーエスペランサ,14,,13,95.06,13,12.1,14
2016/1/31,東京,Ｇ３,11,根岸ＳG3,ダ,1400,7, サトノタイガー,14,,13,85.40,15,34.9,15
2016/1/31,中京,未勝利,1,未勝利,ダ,1800,16, シエラヴェルデ,6,,13,118.27,9,47.9,11
2016/1/31,中京,未勝利,2,未勝利,ダ,1400,10, ニシノディアマン,16,,13,88.42,6,34.5,14
2016/1/31,中京,未勝利,4,障害未勝利,芝,3000,14, アイアムライジング,12,,13,205.56,13,,
2016/1/31,中京,未勝利,5,障害未勝利,芝,3000,11, ワンダーウインディ,14,,13,204.93,9,,
2016/1/31,中京,500万,6,500万下,ダ,1200,9, サンアルパイン,11,,13,73.85,13,34.7,14
2016/1/31,中京,未勝利,7,未勝利,芝,2000,6, マイネルコローレ,11,,13,125.98,11,31.0,15
2016/1/31,中京,500万,8,500万下・若,ダ,1800,1, クロカミノオトメ,9,,13,115.54,4,47.6,8
2016/1/31,中京,500万,9,500万下,芝,1400,18, タイガーボス,9,,13,83.31,10,65.0,6
2016/1/31,中京,500万,10,ごぎょう500*,ダ,1200,6, プリンセスセイコ,13,,13,74.47,14,25.6,13
2016/1/31,京都,未勝利,1,未勝利・牝,ダ,1800,10, エイシンイマコマチ,4,,13,116.17,6,59.9,4
2016/1/31,京都,未勝利,2,未勝利,ダ,1200,13, ギャディス,7,,13,74.22,7,53.3,6
2016/1/31,京都,未勝利,3,未勝利,ダ,1800,14, カスタネット,15,,13,117.80,14,33.0,15
2016/1/31,京都,新馬,4,新馬,ダ,1400,4,$タイキバベル,5,,13,87.69,1,59.9,1
2016/1/31,京都,未勝利,5,未勝利,芝,2000,16, ガリゲット,8,,13,123.30,6,56.9,7
2016/1/31,京都,500万,7,500万下*,芝,1400,2, ファビラスヒーロー,9,,13,82.25,11,31.8,12
2016/1/31,京都,500万,8,500万下,ダ,1400,10, ジュリエッタ,7,,13,86.60,8,42.8,9
2016/1/31,京都,1000万,9,大津特別1000,ダ,1800,10, エイシンナセル,2,,13,112.45,2,62.0,2
2016/1/31,京都,Ｇ３,11,シルクロＨG3,芝,1200,12, ヤサカオディール,15,,13,69.45,16,16.9,15
2016/1/31,京都,1000万,12,1000万下,芝,1400,6, ステイウェル,12,,13,82.81,14,38.4,10
2016/1/31,東京,未勝利,1,未勝利・牝,ダ,1400,10, エリープラチナ,13,,14,90.93,16,20.3,16
2016/1/31,東京,未勝利,2,未勝利,ダ,2100,3, アップトゥイレヴン,5,,14,137.82,9,52.7,6
2016/1/31,東京,新馬,3,新馬,ダ,1600,8, ジョニーエンジェル,3,,14,102.18,2,52.0,6
2016/1/31,東京,未勝利,4,未勝利,芝,1600,13, テイエムダークダン,9,,14,96.93,13,47.2,9
2016/1/31,東京,新馬,5,新馬,芝,1800,9,*ダノンワールド,5,,14,111.24,3,83.0,1
2016/1/31,東京,500万,7,500万下,ダ,1600,15, ジャイロスコープ,6,,14,99.98,6,60.2,3
2016/1/31,東京,1000万,8,1000万下,ダ,1400,6, ボルゲーゼ,3,,14,86.16,9,49.4,9
2016/1/31,東京,1600万,10,節分ＳＨ1600,芝,1600,13, オコレマルーナ,3,,14,94.09,4,70.8,2
2016/1/31,東京,Ｇ３,11,根岸ＳG3,ダ,1400,14, サクラエール,4,,14,84.45,9,53.2,7
2016/1/31,中京,未勝利,1,未勝利,ダ,1800,8, サンナシュア,15,,14,119.74,16,24.4,16
2016/1/31,中京,未勝利,2,未勝利,ダ,1400,14, サンマルトゥーレ,15,,14,88.74,9,42.6,12
2016/1/31,中京,未勝利,5,障害未勝利,芝,3000,2, スズプリンセス,12,,14,207.93,12,,
2016/1/31,中京,500万,6,500万下,ダ,1200,13, フローラルダンサー,3,,14,73.07,4,56.1,8
2016/1/31,中京,未勝利,7,未勝利,芝,2000,17, トーホウカンナ,10,,14,125.77,9,64.5,5
2016/1/31,中京,500万,9,500万下,芝,1400,14, イタリアンフェッテ,16,,14,83.89,15,35.3,14
2016/1/31,中京,500万,10,ごぎょう500*,ダ,1200,1, アンフレシェ,11,,14,74.04,12,30.4,11
2016/1/31,京都,未勝利,1,未勝利・牝,ダ,1800,16, アリモニー,16,,14,118.28,16,23.1,16
2016/1/31,京都,未勝利,2,未勝利,ダ,1200,8, タガノアクセント,16,,14,74.49,11,46.1,12
2016/1/31,京都,未勝利,3,未勝利,ダ,1800,1, マンテンロード,13,,14,118.55,16,19.5,16
2016/1/31,京都,新馬,4,新馬,ダ,1400,16, メイショウゴッデス,14,,14,89.01,12,48.3,9
2016/1/31,京都,未勝利,5,未勝利,芝,2000,9, グランサーブル,15,,14,123.56,9,41.4,10
2016/1/31,京都,500万,7,500万下*,芝,1400,1, タカラハニー,14,,14,84.10,14,15.0,13
2016/1/31,京都,Ｇ３,11,シルクロＨG3,芝,1200,13, ニンジャ,13,,14,68.68,14,48.1,8
2016/1/31,京都,1000万,12,1000万下,芝,1400,10, ダノングラシアス,9,,14,82.76,13,23.9,13
2016/1/31,東京,未勝利,1,未勝利・牝,ダ,1400,14, アランチャ,14,,15,90.05,15,27.4,15
2016/1/31,東京,未勝利,2,未勝利,ダ,2100,12, ダーダネルス,16,,15,138.72,12,33.1,15
2016/1/31,東京,新馬,3,新馬,ダ,1600,11,$ナイトオブスターズ,9,,15,103.54,12,44.1,15
2016/1/31,東京,未勝利,4,未勝利,芝,1600,12, サンニードルス,13,,15,98.11,16,15.8,16
2016/1/31,東京,新馬,5,新馬,芝,1800,12, シグムンド,11,,15,112.25,13,52.4,8
2016/1/31,東京,新馬,5,新馬,芝,1800,13, クーラーキング,2,,15,111.12,2,57.3,5
2016/1/31,東京,500万,7,500万下,ダ,1600,9, プエルト,2,,15,100.21,8,56.2,5
2016/1/31,東京,1000万,8,1000万下,ダ,1400,12, ファイトユアソング,15,,15,86.01,7,41.4,13
2016/1/31,東京,Ｇ３,11,根岸ＳG3,ダ,1400,12, シゲルカガ,11,,15,85.32,14,35.5,14
2016/1/31,中京,未勝利,1,未勝利,ダ,1800,9, ベルウッドユウキ,16,,15,119.23,14,29.4,15
2016/1/31,中京,未勝利,2,未勝利,ダ,1400,5, アーリードライヴ,6,,15,88.84,13,34.6,13
2016/1/31,中京,500万,6,500万下,ダ,1200,5, ウーマン,14,,15,74.49,15,20.7,15
2016/1/31,中京,未勝利,7,未勝利,芝,2000,16, ダイシンアレッタ,16,,15,126.72,17,29.9,16
2016/1/31,中京,500万,9,500万下,芝,1400,17, キンシノキセキ,13,,15,83.75,14,66.0,4
2016/1/31,京都,未勝利,1,未勝利・牝,ダ,1800,15, ジーベロニカ,12,,15,117.34,12,40.1,14
2016/1/31,京都,未勝利,2,未勝利,ダ,1200,9, イスズゴールド,14,,15,75.52,16,15.7,16
2016/1/31,京都,未勝利,3,未勝利,ダ,1800,12,$エイシンビリケン,3,,15,116.13,10,49.0,9
2016/1/31,京都,新馬,4,新馬,ダ,1400,12,$ベリースコール,9,,15,88.29,5,51.8,6
2016/1/31,京都,未勝利,5,未勝利,芝,2000,14, マルモプリマ,14,,15,124.21,12,26.5,15
2016/1/31,京都,Ｇ３,11,シルクロＨG3,芝,1200,14, セイコーライコウ,14,,15,68.03,4,40.2,12
2016/1/31,東京,未勝利,1,未勝利・牝,ダ,1400,13, ディーズフリート,16,,16,89.91,14,33.1,13
2016/1/31,東京,未勝利,2,未勝利,ダ,2100,14, アンサーフォンテン,14,,16,139.85,16,30.0,16
2016/1/31,東京,未勝利,4,未勝利,芝,1600,9, タイニーアゲン,12,,16,97.06,14,23.8,15
2016/1/31,東京,500万,7,500万下,ダ,1600,6, グリシーヌシチー,16,,16,101.64,16,27.9,16
2016/1/31,東京,1000万,8,1000万下,ダ,1400,7, グラスルノン,14,,16,86.47,13,32.3,16
2016/1/31,東京,Ｇ３,11,根岸ＳG3,ダ,1400,13, シンキングマシーン,16,,16,85.59,16,18.5,16
2016/1/31,中京,未勝利,1,未勝利,ダ,1800,2, スリージェット,13,,16,118.42,10,33.8,14
2016/1/31,中京,未勝利,2,未勝利,ダ,1400,11, アイファーヴリル,14,,16,89.53,15,30.1,15
2016/1/31,中京,500万,6,500万下,ダ,1200,2, メイスンヴィーナス,15,,16,74.74,16,18.7,16
2016/1/31,中京,未勝利,7,未勝利,芝,2000,10,$レザニティエ,14,,16,126.35,16,51.2,8
2016/1/31,中京,500万,9,500万下,芝,1400,4, アブソリュカフェ,7,,16,83.09,8,50.9,9
2016/1/31,京都,未勝利,1,未勝利・牝,ダ,1800,7, アドルナメンテ,2,,16,115.62,2,70.3,2
2016/1/31,京都,未勝利,2,未勝利,ダ,1200,11, ロカビリー,8,,16,74.06,2,58.1,5
2016/1/31,京都,新馬,4,新馬,ダ,1400,6, オーシャンマタハリ,15,,16,89.12,14,53.0,5
2016/1/31,京都,未勝利,5,未勝利,芝,2000,1, アカネバローロ,16,,16,124.60,15,26.6,14
2016/1/31,京都,Ｇ３,11,シルクロＨG3,芝,1200,10, アクティブミノル,8,,16,68.18,8,45.0,10
2016/1/31,中京,未勝利,7,未勝利,芝,2000,7, ダンデライオンマル,18,,17,126.09,14,14.3,18
2016/1/31,中京,500万,9,500万下,芝,1400,11, コスモエルデスト,8,,17,83.14,9,43.0,13
2016/1/31,中京,500万,9,500万下,芝,1400,15, バトルミュートゥス,18,,18,84.02,17,15.2,18
2016/1/31,中京,未勝利,7,未勝利,芝,2000,14, ゴールドインゴット,5,,止,125.19,5,60.7,7
2016/1/31,京都,未勝利,3,未勝利,ダ,1800,15, マジメ,7,,止,114.68,1,73.4,1
2016/1/31,東京,新馬,3,新馬,ダ,1600,1, セイユウファイター,,,消,104.00,14,51.2,7
2016/1/31,中京,未勝利,4,障害未勝利,芝,3000,12, サンセドナ,,,消,204.38,10,,
2016/1/31,中京,500万,8,500万下・若,ダ,1800,11, コウエイアース,,,消,115.16,2,36.4,12
